date,country,name,value
2018-01-01,Korea,nathan on osu,14042
2018-01-01,Poland,Rafis,14006
2018-01-01,France,Sub2PewDiePie,13570
2018-01-01,United States,Vaxei,13552
2018-01-01,Korea,firebat92,13376
2018-01-01,Lithuania,azr8,13274
2018-01-01,Chile,Mathi,12914
2018-01-01,Canada,RyuK,12436
2018-01-01,Singapore,Emilia,12156
2018-01-01,Great Britain,Bubbleman,11875
2018-01-02,Korea,nathan on osu,14042
2018-01-02,Poland,Rafis,14006
2018-01-02,France,Sub2PewDiePie,13570
2018-01-02,United States,Vaxei,13552
2018-01-02,Korea,firebat92,13377
2018-01-02,Lithuania,azr8,13274
2018-01-02,Chile,Mathi,12914
2018-01-02,Canada,RyuK,12514
2018-01-02,Singapore,Emilia,12156
2018-01-02,Great Britain,Bubbleman,11876
2018-01-03,Korea,nathan on osu,14042
2018-01-03,Poland,Rafis,14006
2018-01-03,France,Sub2PewDiePie,13570
2018-01-03,United States,Vaxei,13552
2018-01-03,Korea,firebat92,13377
2018-01-03,Lithuania,azr8,13274
2018-01-03,Chile,Mathi,12914
2018-01-03,Canada,RyuK,12515
2018-01-03,Singapore,Emilia,12156
2018-01-03,Great Britain,Bubbleman,11876
2018-01-04,Korea,nathan on osu,14042
2018-01-04,Poland,Rafis,14006
2018-01-04,France,Sub2PewDiePie,13570
2018-01-04,United States,Vaxei,13552
2018-01-04,Korea,firebat92,13377
2018-01-04,Lithuania,azr8,13274
2018-01-04,Chile,Mathi,12915
2018-01-04,Canada,RyuK,12515
2018-01-04,Singapore,Emilia,12149
2018-01-04,Great Britain,Bubbleman,11876
2018-01-05,Korea,nathan on osu,14042
2018-01-05,Poland,Rafis,14006
2018-01-05,France,Sub2PewDiePie,13571
2018-01-05,United States,Vaxei,13552
2018-01-05,Korea,firebat92,13377
2018-01-05,Lithuania,azr8,13322
2018-01-05,Chile,Mathi,12944
2018-01-05,Canada,RyuK,12516
2018-01-05,Singapore,Emilia,12149
2018-01-05,Great Britain,Bubbleman,11876
2018-01-06,Korea,nathan on osu,14042
2018-01-06,Poland,Rafis,14006
2018-01-06,France,Sub2PewDiePie,13571
2018-01-06,United States,Vaxei,13552
2018-01-06,Korea,firebat92,13377
2018-01-06,Lithuania,azr8,13322
2018-01-06,Chile,Mathi,13011
2018-01-06,Canada,RyuK,12517
2018-01-06,Singapore,Emilia,12149
2018-01-06,Great Britain,Bubbleman,11876
2018-01-07,Korea,nathan on osu,14042
2018-01-07,Poland,Rafis,14006
2018-01-07,France,Sub2PewDiePie,13571
2018-01-07,United States,Vaxei,13552
2018-01-07,Korea,firebat92,13377
2018-01-07,Lithuania,azr8,13322
2018-01-07,Chile,Mathi,13012
2018-01-07,Canada,RyuK,12517
2018-01-07,Singapore,Emilia,12149
2018-01-07,Great Britain,Bubbleman,11876
2018-01-08,Korea,nathan on osu,14042
2018-01-08,Poland,Rafis,14006
2018-01-08,France,Sub2PewDiePie,13571
2018-01-08,United States,Vaxei,13552
2018-01-08,Korea,firebat92,13377
2018-01-08,Lithuania,azr8,13322
2018-01-08,Chile,Mathi,13015
2018-01-08,Canada,RyuK,12517
2018-01-08,Singapore,Emilia,12149
2018-01-08,Great Britain,Bubbleman,11876
2018-01-09,Korea,nathan on osu,14042
2018-01-09,Poland,Rafis,14006
2018-01-09,France,Sub2PewDiePie,13571
2018-01-09,United States,Vaxei,13552
2018-01-09,Korea,firebat92,13377
2018-01-09,Lithuania,azr8,13322
2018-01-09,Chile,Mathi,13015
2018-01-09,Canada,RyuK,12518
2018-01-09,Singapore,Emilia,12149
2018-01-09,Hong Kong,mcy4,11876
2018-01-10,Korea,nathan on osu,14042
2018-01-10,Poland,Rafis,14006
2018-01-10,France,Sub2PewDiePie,13571
2018-01-10,United States,Vaxei,13552
2018-01-10,Korea,firebat92,13377
2018-01-10,Lithuania,azr8,13322
2018-01-10,Chile,Mathi,13015
2018-01-10,Canada,RyuK,12518
2018-01-10,Singapore,Emilia,12149
2018-01-10,Hong Kong,mcy4,11876
2018-01-11,Korea,nathan on osu,14042
2018-01-11,Poland,Rafis,14006
2018-01-11,France,Sub2PewDiePie,13571
2018-01-11,United States,Vaxei,13552
2018-01-11,Korea,firebat92,13377
2018-01-11,Lithuania,azr8,13325
2018-01-11,Chile,Mathi,13153
2018-01-11,Canada,RyuK,12518
2018-01-11,Singapore,Emilia,12150
2018-01-11,Hong Kong,mcy4,11876
2018-01-12,Korea,nathan on osu,14076
2018-01-12,Poland,Rafis,14006
2018-01-12,France,Sub2PewDiePie,13571
2018-01-12,United States,Vaxei,13552
2018-01-12,Korea,firebat92,13377
2018-01-12,Lithuania,azr8,13325
2018-01-12,Chile,Mathi,13153
2018-01-12,Canada,RyuK,12518
2018-01-12,Singapore,Emilia,12150
2018-01-12,Hong Kong,mcy4,11876
2018-01-13,Korea,nathan on osu,14076
2018-01-13,Poland,Rafis,14006
2018-01-13,France,Sub2PewDiePie,13571
2018-01-13,United States,Vaxei,13552
2018-01-13,Korea,firebat92,13377
2018-01-13,Lithuania,azr8,13325
2018-01-13,Chile,Mathi,13153
2018-01-13,Canada,RyuK,12532
2018-01-13,Singapore,Emilia,12150
2018-01-13,Hong Kong,mcy4,11876
2018-01-14,Korea,nathan on osu,14076
2018-01-14,Poland,Rafis,14006
2018-01-14,France,Sub2PewDiePie,13571
2018-01-14,United States,Vaxei,13552
2018-01-14,Korea,firebat92,13377
2018-01-14,Lithuania,azr8,13325
2018-01-14,Chile,Mathi,13153
2018-01-14,Canada,RyuK,12532
2018-01-14,Singapore,Emilia,12150
2018-01-14,Hong Kong,mcy4,11876
2018-01-15,Korea,nathan on osu,14076
2018-01-15,Poland,Rafis,14006
2018-01-15,France,Sub2PewDiePie,13571
2018-01-15,United States,Vaxei,13552
2018-01-15,Korea,firebat92,13377
2018-01-15,Lithuania,azr8,13325
2018-01-15,Chile,Mathi,13153
2018-01-15,Canada,RyuK,12532
2018-01-15,Singapore,Emilia,12150
2018-01-15,Hong Kong,mcy4,11876
2018-01-16,Korea,nathan on osu,14076
2018-01-16,Poland,Rafis,14006
2018-01-16,France,Sub2PewDiePie,13571
2018-01-16,United States,Vaxei,13557
2018-01-16,Korea,firebat92,13377
2018-01-16,Lithuania,azr8,13325
2018-01-16,Chile,Mathi,13153
2018-01-16,Canada,RyuK,12532
2018-01-16,Singapore,Emilia,12150
2018-01-16,Hong Kong,mcy4,11876
2018-01-17,Korea,nathan on osu,14076
2018-01-17,Poland,Rafis,14006
2018-01-17,France,Sub2PewDiePie,13571
2018-01-17,United States,Vaxei,13557
2018-01-17,Korea,firebat92,13377
2018-01-17,Lithuania,azr8,13325
2018-01-17,Chile,Mathi,13153
2018-01-17,Canada,RyuK,12532
2018-01-17,Singapore,Emilia,12151
2018-01-17,Hong Kong,mcy4,11876
2018-01-18,Korea,nathan on osu,14076
2018-01-18,Poland,Rafis,14006
2018-01-18,France,Sub2PewDiePie,13571
2018-01-18,United States,Vaxei,13557
2018-01-18,Korea,firebat92,13377
2018-01-18,Lithuania,azr8,13325
2018-01-18,Chile,Mathi,13153
2018-01-18,Canada,RyuK,12533
2018-01-18,Singapore,Emilia,12151
2018-01-18,Hong Kong,mcy4,11876
2018-01-19,Korea,nathan on osu,14076
2018-01-19,Poland,Rafis,14006
2018-01-19,France,Sub2PewDiePie,13571
2018-01-19,United States,Vaxei,13557
2018-01-19,Korea,firebat92,13377
2018-01-19,Lithuania,azr8,13325
2018-01-19,Chile,Mathi,13154
2018-01-19,Canada,RyuK,12533
2018-01-19,Singapore,Emilia,12171
2018-01-19,Hong Kong,mcy4,11876
2018-01-20,Korea,nathan on osu,14076
2018-01-20,Poland,Rafis,14047
2018-01-20,France,Sub2PewDiePie,13571
2018-01-20,United States,Vaxei,13557
2018-01-20,Korea,firebat92,13377
2018-01-20,Lithuania,azr8,13325
2018-01-20,Chile,Mathi,13154
2018-01-20,Canada,RyuK,12576
2018-01-20,Singapore,Emilia,12171
2018-01-20,Hong Kong,mcy4,11877
2018-01-21,Korea,nathan on osu,14077
2018-01-21,Poland,Rafis,14047
2018-01-21,France,Sub2PewDiePie,13571
2018-01-21,United States,Vaxei,13557
2018-01-21,Korea,firebat92,13377
2018-01-21,Lithuania,azr8,13325
2018-01-21,Chile,Mathi,13154
2018-01-21,Canada,RyuK,12576
2018-01-21,Singapore,Emilia,12172
2018-01-21,Hong Kong,mcy4,11877
2018-01-22,Korea,nathan on osu,14077
2018-01-22,Poland,Rafis,14047
2018-01-22,United States,Vaxei,13581
2018-01-22,France,Sub2PewDiePie,13571
2018-01-22,Korea,firebat92,13377
2018-01-22,Lithuania,azr8,13325
2018-01-22,Chile,Mathi,13154
2018-01-22,Canada,RyuK,12576
2018-01-22,Singapore,Emilia,12172
2018-01-22,Hong Kong,mcy4,11877
2018-01-23,Poland,Rafis,14186
2018-01-23,Korea,nathan on osu,14077
2018-01-23,United States,Vaxei,13581
2018-01-23,France,Sub2PewDiePie,13571
2018-01-23,Korea,firebat92,13377
2018-01-23,Lithuania,azr8,13325
2018-01-23,Chile,Mathi,13154
2018-01-23,Canada,RyuK,12577
2018-01-23,Singapore,Emilia,12172
2018-01-23,Hong Kong,mcy4,11877
2018-01-24,Poland,Rafis,14187
2018-01-24,Korea,nathan on osu,14077
2018-01-24,United States,Vaxei,13581
2018-01-24,France,Sub2PewDiePie,13571
2018-01-24,Korea,firebat92,13377
2018-01-24,Lithuania,azr8,13325
2018-01-24,Chile,Mathi,13154
2018-01-24,Canada,RyuK,12577
2018-01-24,Singapore,Emilia,12172
2018-01-24,Hong Kong,mcy4,11877
2018-01-25,Poland,Rafis,14187
2018-01-25,Korea,nathan on osu,14077
2018-01-25,United States,Vaxei,13581
2018-01-25,France,Sub2PewDiePie,13571
2018-01-25,Korea,firebat92,13377
2018-01-25,Lithuania,azr8,13325
2018-01-25,Chile,Mathi,13161
2018-01-25,Canada,RyuK,12627
2018-01-25,Singapore,Emilia,12172
2018-01-25,Hong Kong,mcy4,11877
2018-01-26,Poland,Rafis,14187
2018-01-26,Korea,nathan on osu,14077
2018-01-26,United States,Vaxei,13581
2018-01-26,France,Sub2PewDiePie,13571
2018-01-26,Korea,firebat92,13377
2018-01-26,Lithuania,azr8,13325
2018-01-26,Chile,Mathi,13166
2018-01-26,Canada,RyuK,12628
2018-01-26,Singapore,Emilia,12172
2018-01-26,Hong Kong,mcy4,11877
2018-01-27,Poland,Rafis,14187
2018-01-27,Korea,nathan on osu,14077
2018-01-27,United States,Vaxei,13581
2018-01-27,France,Sub2PewDiePie,13571
2018-01-27,Korea,firebat92,13378
2018-01-27,Lithuania,azr8,13325
2018-01-27,Chile,Mathi,13166
2018-01-27,Canada,RyuK,12628
2018-01-27,Singapore,Emilia,12172
2018-01-27,Hong Kong,mcy4,11877
2018-01-28,Poland,Rafis,14187
2018-01-28,Korea,nathan on osu,14077
2018-01-28,United States,Vaxei,13581
2018-01-28,France,Sub2PewDiePie,13572
2018-01-28,Korea,firebat92,13378
2018-01-28,Lithuania,azr8,13325
2018-01-28,Chile,Mathi,13166
2018-01-28,Canada,RyuK,12628
2018-01-28,Singapore,Emilia,12172
2018-01-28,Hong Kong,mcy4,11877
2018-01-29,Poland,Rafis,14187
2018-01-29,Korea,nathan on osu,14077
2018-01-29,United States,Vaxei,13581
2018-01-29,France,Sub2PewDiePie,13572
2018-01-29,Korea,firebat92,13378
2018-01-29,Lithuania,azr8,13325
2018-01-29,Chile,Mathi,13166
2018-01-29,Canada,RyuK,12629
2018-01-29,Singapore,Emilia,12172
2018-01-29,Hong Kong,mcy4,11877
2018-01-30,Poland,Rafis,14187
2018-01-30,Korea,nathan on osu,14077
2018-01-30,France,Sub2PewDiePie,13589
2018-01-30,United States,Vaxei,13581
2018-01-30,Korea,firebat92,13378
2018-01-30,Lithuania,azr8,13325
2018-01-30,Chile,Mathi,13166
2018-01-30,Canada,RyuK,12629
2018-01-30,Singapore,Emilia,12172
2018-01-30,Hong Kong,mcy4,11877
2018-01-31,Poland,Rafis,14189
2018-01-31,Korea,nathan on osu,14077
2018-01-31,France,Sub2PewDiePie,13589
2018-01-31,United States,Vaxei,13581
2018-01-31,Korea,firebat92,13378
2018-01-31,Lithuania,azr8,13325
2018-01-31,Chile,Mathi,13168
2018-01-31,Canada,RyuK,12629
2018-01-31,Singapore,Emilia,12172
2018-01-31,Hong Kong,mcy4,11877
2018-02-01,Poland,Rafis,14189
2018-02-01,Korea,nathan on osu,14077
2018-02-01,France,Sub2PewDiePie,13589
2018-02-01,United States,Vaxei,13581
2018-02-01,Korea,firebat92,13378
2018-02-01,Lithuania,azr8,13326
2018-02-01,Chile,Mathi,13173
2018-02-01,Canada,RyuK,12629
2018-02-01,Singapore,Emilia,12172
2018-02-01,Hong Kong,mcy4,11877
2018-02-02,Poland,Rafis,14189
2018-02-02,Korea,nathan on osu,14077
2018-02-02,France,Sub2PewDiePie,13589
2018-02-02,United States,Vaxei,13581
2018-02-02,Korea,firebat92,13378
2018-02-02,Lithuania,azr8,13326
2018-02-02,Chile,Mathi,13205
2018-02-02,Canada,RyuK,12629
2018-02-02,Singapore,Emilia,12172
2018-02-02,Hong Kong,mcy4,11877
2018-02-03,Poland,Rafis,14189
2018-02-03,Korea,nathan on osu,14077
2018-02-03,France,Sub2PewDiePie,13589
2018-02-03,Korea,firebat92,13378
2018-02-03,Lithuania,azr8,13326
2018-02-03,Chile,Mathi,13205
2018-02-03,Canada,RyuK,12630
2018-02-03,Singapore,Emilia,12172
2018-02-03,Great Britain,Bubbleman,11877
2018-02-03,Hong Kong,mcy4,11877
2018-02-04,Poland,Rafis,14189
2018-02-04,Korea,nathan on osu,14077
2018-02-04,France,Sub2PewDiePie,13601
2018-02-04,Korea,firebat92,13378
2018-02-04,Lithuania,azr8,13326
2018-02-04,Chile,Mathi,13205
2018-02-04,Canada,RyuK,12630
2018-02-04,Singapore,Emilia,12172
2018-02-04,Hong Kong,mcy4,11877
2018-02-04,Great Britain,Bubbleman,11877
2018-02-05,Poland,Rafis,14189
2018-02-05,Korea,nathan on osu,14077
2018-02-05,France,Sub2PewDiePie,13601
2018-02-05,United States,Vaxei,13581
2018-02-05,Korea,firebat92,13378
2018-02-05,Lithuania,azr8,13326
2018-02-05,Chile,Mathi,13205
2018-02-05,Canada,RyuK,12631
2018-02-05,Singapore,Emilia,12172
2018-02-05,Hong Kong,mcy4,11877
2018-02-06,Poland,Rafis,14189
2018-02-06,Korea,nathan on osu,14077
2018-02-06,France,Sub2PewDiePie,13601
2018-02-06,United States,Vaxei,13581
2018-02-06,Korea,firebat92,13378
2018-02-06,Lithuania,azr8,13326
2018-02-06,Chile,Mathi,13205
2018-02-06,Canada,RyuK,12631
2018-02-06,Singapore,Emilia,12172
2018-02-06,Great Britain,Bubbleman,11877
2018-02-07,Poland,Rafis,14189
2018-02-07,Korea,nathan on osu,14077
2018-02-07,France,Sub2PewDiePie,13610
2018-02-07,United States,Vaxei,13581
2018-02-07,Korea,firebat92,13378
2018-02-07,Lithuania,azr8,13327
2018-02-07,Chile,Mathi,13205
2018-02-07,Canada,RyuK,12631
2018-02-07,Singapore,Emilia,12172
2018-02-07,Great Britain,Bubbleman,11877
2018-02-08,Poland,Rafis,14189
2018-02-08,Korea,nathan on osu,14077
2018-02-08,France,Sub2PewDiePie,13610
2018-02-08,United States,Vaxei,13581
2018-02-08,Korea,firebat92,13378
2018-02-08,Lithuania,azr8,13327
2018-02-08,Chile,Mathi,13205
2018-02-08,Canada,RyuK,12631
2018-02-08,Singapore,Emilia,12172
2018-02-08,Great Britain,Bubbleman,11877
2018-02-09,Poland,Rafis,14189
2018-02-09,Korea,nathan on osu,14077
2018-02-09,France,Sub2PewDiePie,13610
2018-02-09,United States,Vaxei,13581
2018-02-09,Korea,firebat92,13378
2018-02-09,Lithuania,azr8,13327
2018-02-09,Chile,Mathi,13205
2018-02-09,Canada,RyuK,12661
2018-02-09,Singapore,Emilia,12172
2018-02-09,Great Britain,Bubbleman,11877
2018-02-10,Poland,Rafis,14189
2018-02-10,Korea,nathan on osu,14077
2018-02-10,France,Sub2PewDiePie,13610
2018-02-10,United States,Vaxei,13581
2018-02-10,Korea,firebat92,13378
2018-02-10,Lithuania,azr8,13327
2018-02-10,Chile,Mathi,13205
2018-02-10,Canada,RyuK,12662
2018-02-10,Singapore,Emilia,12172
2018-02-10,Great Britain,Bubbleman,11877
2018-02-11,Poland,Rafis,14189
2018-02-11,Korea,nathan on osu,14078
2018-02-11,France,Sub2PewDiePie,13611
2018-02-11,United States,Vaxei,13581
2018-02-11,Korea,firebat92,13378
2018-02-11,Lithuania,azr8,13327
2018-02-11,Chile,Mathi,13205
2018-02-11,Canada,RyuK,12662
2018-02-11,Singapore,Emilia,12172
2018-02-11,Great Britain,Bubbleman,11877
2018-02-12,Poland,Rafis,14189
2018-02-12,Korea,nathan on osu,14078
2018-02-12,France,Sub2PewDiePie,13611
2018-02-12,United States,Vaxei,13581
2018-02-12,Korea,firebat92,13378
2018-02-12,Lithuania,azr8,13327
2018-02-12,Chile,Mathi,13205
2018-02-12,Canada,RyuK,12662
2018-02-12,Singapore,Emilia,12172
2018-02-12,Great Britain,Bubbleman,11877
2018-02-13,Poland,Rafis,14189
2018-02-13,Korea,nathan on osu,14078
2018-02-13,France,Sub2PewDiePie,13630
2018-02-13,United States,Vaxei,13581
2018-02-13,Korea,firebat92,13378
2018-02-13,Lithuania,azr8,13327
2018-02-13,Chile,Mathi,13205
2018-02-13,Canada,RyuK,12709
2018-02-13,Singapore,Emilia,12172
2018-02-13,Great Britain,Bubbleman,11883
2018-02-14,Poland,Rafis,14189
2018-02-14,Korea,nathan on osu,14078
2018-02-14,France,Sub2PewDiePie,13630
2018-02-14,United States,Vaxei,13581
2018-02-14,Korea,firebat92,13378
2018-02-14,Lithuania,azr8,13327
2018-02-14,Chile,Mathi,13205
2018-02-14,Canada,RyuK,12709
2018-02-14,Singapore,Emilia,12172
2018-02-14,Great Britain,Bubbleman,11883
2018-02-15,Poland,Rafis,14189
2018-02-15,Korea,nathan on osu,14078
2018-02-15,France,Sub2PewDiePie,13630
2018-02-15,United States,Vaxei,13581
2018-02-15,Korea,firebat92,13433
2018-02-15,Lithuania,azr8,13327
2018-02-15,Chile,Mathi,13205
2018-02-15,Canada,RyuK,12710
2018-02-15,Singapore,Emilia,12172
2018-02-15,Great Britain,Bubbleman,11883
2018-02-16,Poland,Rafis,14189
2018-02-16,Korea,nathan on osu,14078
2018-02-16,France,Sub2PewDiePie,13630
2018-02-16,United States,Vaxei,13582
2018-02-16,Korea,firebat92,13434
2018-02-16,Lithuania,azr8,13327
2018-02-16,Chile,Mathi,13205
2018-02-16,Canada,RyuK,12713
2018-02-16,Singapore,Emilia,12189
2018-02-16,Germany,Dustice,11914
2018-02-17,Poland,Rafis,14189
2018-02-17,Korea,nathan on osu,14078
2018-02-17,France,Sub2PewDiePie,13630
2018-02-17,United States,Vaxei,13582
2018-02-17,Korea,firebat92,13434
2018-02-17,Lithuania,azr8,13327
2018-02-17,Chile,Mathi,13205
2018-02-17,Canada,RyuK,12713
2018-02-17,Singapore,Emilia,12189
2018-02-17,Germany,Dustice,11914
2018-02-18,Poland,Rafis,14189
2018-02-18,Korea,nathan on osu,14078
2018-02-18,France,Sub2PewDiePie,13630
2018-02-18,United States,Vaxei,13582
2018-02-18,Korea,firebat92,13434
2018-02-18,Lithuania,azr8,13327
2018-02-18,Chile,Mathi,13206
2018-02-18,Canada,RyuK,12714
2018-02-18,Singapore,Emilia,12189
2018-02-18,Germany,Dustice,12014
2018-02-19,Poland,Rafis,14190
2018-02-19,Korea,nathan on osu,14078
2018-02-19,France,Sub2PewDiePie,13630
2018-02-19,United States,Vaxei,13582
2018-02-19,Korea,firebat92,13434
2018-02-19,Lithuania,azr8,13327
2018-02-19,Chile,Mathi,13218
2018-02-19,Canada,RyuK,12717
2018-02-19,Singapore,Emilia,12197
2018-02-19,Germany,Dustice,12014
2018-02-20,Poland,Rafis,14190
2018-02-20,Korea,nathan on osu,14080
2018-02-20,France,Sub2PewDiePie,13630
2018-02-20,United States,Vaxei,13582
2018-02-20,Lithuania,azr8,13451
2018-02-20,Korea,firebat92,13434
2018-02-20,Chile,Mathi,13219
2018-02-20,Canada,RyuK,12718
2018-02-20,Singapore,Emilia,12197
2018-02-20,Germany,Dustice,12060
2018-02-21,Poland,Rafis,14190
2018-02-21,Korea,nathan on osu,14080
2018-02-21,France,Sub2PewDiePie,13632
2018-02-21,United States,Vaxei,13582
2018-02-21,Lithuania,azr8,13451
2018-02-21,Korea,firebat92,13434
2018-02-21,Chile,Mathi,13219
2018-02-21,Canada,RyuK,12718
2018-02-21,Singapore,Emilia,12198
2018-02-21,Germany,Dustice,12060
2018-02-22,Poland,Rafis,14190
2018-02-22,Korea,nathan on osu,14081
2018-02-22,France,Sub2PewDiePie,13632
2018-02-22,United States,Vaxei,13583
2018-02-22,Lithuania,azr8,13451
2018-02-22,Korea,firebat92,13434
2018-02-22,Chile,Mathi,13219
2018-02-22,Canada,RyuK,12719
2018-02-22,Singapore,Emilia,12198
2018-02-22,Germany,Dustice,12060
2018-02-23,Poland,Rafis,14190
2018-02-23,Korea,nathan on osu,14081
2018-02-23,France,Sub2PewDiePie,13632
2018-02-23,United States,Vaxei,13583
2018-02-23,Lithuania,azr8,13451
2018-02-23,Korea,firebat92,13434
2018-02-23,Chile,Mathi,13233
2018-02-23,Canada,RyuK,12719
2018-02-23,Singapore,Emilia,12198
2018-02-23,Germany,Dustice,12061
2018-02-24,Poland,Rafis,14190
2018-02-24,Korea,nathan on osu,14081
2018-02-24,Chile,Mathi,13736
2018-02-24,France,Sub2PewDiePie,13632
2018-02-24,United States,Vaxei,13583
2018-02-24,Lithuania,azr8,13452
2018-02-24,Korea,firebat92,13434
2018-02-24,Canada,RyuK,12719
2018-02-24,Singapore,Emilia,12198
2018-02-24,Germany,Dustice,12061
2018-02-25,Poland,Rafis,14190
2018-02-25,Korea,nathan on osu,14081
2018-02-25,Chile,Mathi,13736
2018-02-25,France,Sub2PewDiePie,13632
2018-02-25,United States,Vaxei,13583
2018-02-25,Lithuania,azr8,13452
2018-02-25,Korea,firebat92,13434
2018-02-25,Canada,RyuK,12733
2018-02-25,Singapore,Emilia,12198
2018-02-25,Germany,Dustice,12061
2018-02-26,Poland,Rafis,14217
2018-02-26,Korea,nathan on osu,14081
2018-02-26,Chile,Mathi,13736
2018-02-26,France,Sub2PewDiePie,13632
2018-02-26,United States,Vaxei,13583
2018-02-26,Lithuania,azr8,13452
2018-02-26,Korea,firebat92,13434
2018-02-26,Canada,RyuK,12741
2018-02-26,Singapore,Emilia,12198
2018-02-26,Germany,Dustice,12061
2018-02-27,Poland,Rafis,14217
2018-02-27,Korea,nathan on osu,14081
2018-02-27,Chile,Mathi,13736
2018-02-27,France,Sub2PewDiePie,13632
2018-02-27,United States,Vaxei,13583
2018-02-27,Lithuania,azr8,13452
2018-02-27,Korea,firebat92,13434
2018-02-27,Canada,RyuK,12741
2018-02-27,Singapore,Emilia,12198
2018-02-27,Germany,Dustice,12166
2018-02-28,Poland,Rafis,14218
2018-02-28,Korea,nathan on osu,14081
2018-02-28,Chile,Mathi,13736
2018-02-28,France,Sub2PewDiePie,13632
2018-02-28,United States,Vaxei,13583
2018-02-28,Lithuania,azr8,13452
2018-02-28,Korea,firebat92,13434
2018-02-28,Canada,RyuK,12741
2018-02-28,Singapore,Emilia,12198
2018-02-28,Germany,Dustice,12166
2018-03-01,Poland,Rafis,14218
2018-03-01,Korea,nathan on osu,14081
2018-03-01,Chile,Mathi,13736
2018-03-01,France,Sub2PewDiePie,13632
2018-03-01,United States,Vaxei,13583
2018-03-01,Lithuania,azr8,13452
2018-03-01,Korea,firebat92,13434
2018-03-01,Canada,RyuK,12742
2018-03-01,Singapore,Emilia,12198
2018-03-01,Germany,Dustice,12166
2018-03-02,Poland,Rafis,14218
2018-03-02,Korea,nathan on osu,14081
2018-03-02,Chile,Mathi,13736
2018-03-02,France,Sub2PewDiePie,13632
2018-03-02,United States,Vaxei,13583
2018-03-02,Lithuania,azr8,13454
2018-03-02,Korea,firebat92,13434
2018-03-02,Canada,RyuK,12742
2018-03-02,Germany,Dustice,12166
2018-03-02,Hong Kong,mcy4,11911
2018-03-03,Poland,Rafis,14218
2018-03-03,Korea,nathan on osu,14081
2018-03-03,Chile,Mathi,13736
2018-03-03,France,Sub2PewDiePie,13632
2018-03-03,United States,Vaxei,13583
2018-03-03,Lithuania,azr8,13454
2018-03-03,Korea,firebat92,13434
2018-03-03,Canada,RyuK,12743
2018-03-03,Singapore,Emilia,12198
2018-03-03,Germany,Dustice,12166
2018-03-04,Poland,Rafis,14218
2018-03-04,Korea,nathan on osu,14081
2018-03-04,Chile,Mathi,13736
2018-03-04,France,Sub2PewDiePie,13632
2018-03-04,United States,Vaxei,13583
2018-03-04,Lithuania,azr8,13455
2018-03-04,Korea,firebat92,13434
2018-03-04,Canada,RyuK,12743
2018-03-04,Singapore,Emilia,12198
2018-03-04,Germany,Dustice,12166
2018-03-05,Poland,Rafis,14218
2018-03-05,Korea,nathan on osu,14081
2018-03-05,Chile,Mathi,13736
2018-03-05,France,Sub2PewDiePie,13632
2018-03-05,United States,Vaxei,13584
2018-03-05,Lithuania,azr8,13455
2018-03-05,Korea,firebat92,13434
2018-03-05,Canada,RyuK,12744
2018-03-05,Singapore,Emilia,12198
2018-03-05,Germany,Dustice,12166
2018-03-06,Poland,Rafis,14218
2018-03-06,Korea,nathan on osu,14081
2018-03-06,Chile,Mathi,13736
2018-03-06,France,Sub2PewDiePie,13632
2018-03-06,United States,Vaxei,13584
2018-03-06,Lithuania,azr8,13455
2018-03-06,Korea,firebat92,13434
2018-03-06,Canada,RyuK,12744
2018-03-06,Singapore,Emilia,12198
2018-03-06,Germany,Dustice,12166
2018-03-07,Poland,Rafis,14218
2018-03-07,Korea,nathan on osu,14081
2018-03-07,Chile,Mathi,13736
2018-03-07,France,Sub2PewDiePie,13632
2018-03-07,United States,Vaxei,13585
2018-03-07,Lithuania,azr8,13455
2018-03-07,Korea,firebat92,13434
2018-03-07,Canada,RyuK,12744
2018-03-07,Singapore,Emilia,12198
2018-03-07,Germany,Dustice,12166
2018-03-08,Poland,Rafis,14218
2018-03-08,Korea,nathan on osu,14082
2018-03-08,Chile,Mathi,13736
2018-03-08,France,Sub2PewDiePie,13632
2018-03-08,United States,Vaxei,13586
2018-03-08,Lithuania,azr8,13455
2018-03-08,Korea,firebat92,13434
2018-03-08,Canada,RyuK,12752
2018-03-08,Singapore,Emilia,12198
2018-03-08,Germany,Dustice,12166
2018-03-09,Poland,Rafis,14218
2018-03-09,Korea,nathan on osu,14082
2018-03-09,Chile,Mathi,13736
2018-03-09,France,Sub2PewDiePie,13634
2018-03-09,United States,Vaxei,13587
2018-03-09,Lithuania,azr8,13455
2018-03-09,Korea,firebat92,13434
2018-03-09,Canada,RyuK,12752
2018-03-09,Singapore,Emilia,12198
2018-03-09,Germany,Dustice,12166
2018-03-10,Poland,Rafis,14218
2018-03-10,Korea,nathan on osu,14082
2018-03-10,Chile,Mathi,13736
2018-03-10,France,Sub2PewDiePie,13634
2018-03-10,United States,Vaxei,13587
2018-03-10,Lithuania,azr8,13455
2018-03-10,Korea,firebat92,13434
2018-03-10,Canada,RyuK,12752
2018-03-10,Singapore,Emilia,12198
2018-03-10,Germany,Dustice,12166
2018-03-11,Poland,Rafis,14218
2018-03-11,Korea,nathan on osu,14082
2018-03-11,Chile,Mathi,13736
2018-03-11,France,Sub2PewDiePie,13634
2018-03-11,United States,Vaxei,13587
2018-03-11,Lithuania,azr8,13455
2018-03-11,Korea,firebat92,13434
2018-03-11,Canada,RyuK,12752
2018-03-11,Singapore,Emilia,12199
2018-03-11,Germany,Dustice,12166
2018-03-12,Poland,Rafis,14218
2018-03-12,Korea,nathan on osu,14082
2018-03-12,Chile,Mathi,13736
2018-03-12,France,Sub2PewDiePie,13634
2018-03-12,United States,Vaxei,13611
2018-03-12,Lithuania,azr8,13455
2018-03-12,Korea,firebat92,13434
2018-03-12,Canada,RyuK,12752
2018-03-12,Singapore,Emilia,12393
2018-03-12,Germany,Dustice,12166
2018-03-13,Poland,Rafis,14218
2018-03-13,Korea,nathan on osu,14082
2018-03-13,Chile,Mathi,13736
2018-03-13,France,Sub2PewDiePie,13634
2018-03-13,United States,Vaxei,13611
2018-03-13,Lithuania,azr8,13455
2018-03-13,Korea,firebat92,13434
2018-03-13,Canada,RyuK,12753
2018-03-13,Singapore,Emilia,12402
2018-03-13,Germany,Dustice,12166
2018-03-14,Poland,Rafis,14218
2018-03-14,Korea,nathan on osu,14082
2018-03-14,Chile,Mathi,13738
2018-03-14,France,Sub2PewDiePie,13634
2018-03-14,United States,Vaxei,13611
2018-03-14,Lithuania,azr8,13455
2018-03-14,Korea,firebat92,13434
2018-03-14,Canada,RyuK,12753
2018-03-14,Singapore,Emilia,12428
2018-03-14,Germany,Dustice,12166
2018-03-15,Poland,Rafis,14218
2018-03-15,Korea,nathan on osu,14082
2018-03-15,Chile,Mathi,13738
2018-03-15,France,Sub2PewDiePie,13642
2018-03-15,United States,Vaxei,13611
2018-03-15,Lithuania,azr8,13455
2018-03-15,Korea,firebat92,13434
2018-03-15,Canada,RyuK,12753
2018-03-15,Singapore,Emilia,12428
2018-03-15,Germany,Dustice,12166
2018-03-16,Poland,Rafis,14218
2018-03-16,Korea,nathan on osu,14082
2018-03-16,Chile,Mathi,13738
2018-03-16,France,Sub2PewDiePie,13642
2018-03-16,United States,Vaxei,13611
2018-03-16,Lithuania,azr8,13455
2018-03-16,Korea,firebat92,13434
2018-03-16,Canada,RyuK,12754
2018-03-16,Singapore,Emilia,12450
2018-03-16,Germany,Dustice,12166
2018-03-17,Poland,Rafis,14219
2018-03-17,Korea,nathan on osu,14082
2018-03-17,Chile,Mathi,13738
2018-03-17,France,Sub2PewDiePie,13642
2018-03-17,United States,Vaxei,13611
2018-03-17,Lithuania,azr8,13455
2018-03-17,Korea,firebat92,13434
2018-03-17,Canada,RyuK,12754
2018-03-17,Singapore,Emilia,12450
2018-03-17,Germany,Dustice,12243
2018-03-18,Poland,Rafis,14220
2018-03-18,Korea,nathan on osu,14082
2018-03-18,Chile,Mathi,13738
2018-03-18,France,Sub2PewDiePie,13642
2018-03-18,United States,Vaxei,13618
2018-03-18,Lithuania,azr8,13455
2018-03-18,Korea,firebat92,13434
2018-03-18,Canada,RyuK,12755
2018-03-18,Singapore,Emilia,12451
2018-03-18,Germany,Dustice,12284
2018-03-19,Poland,Rafis,14220
2018-03-19,Korea,nathan on osu,14082
2018-03-19,United States,Vaxei,13802
2018-03-19,Chile,Mathi,13738
2018-03-19,France,Sub2PewDiePie,13642
2018-03-19,Lithuania,azr8,13455
2018-03-19,Korea,firebat92,13434
2018-03-19,Canada,RyuK,12755
2018-03-19,Singapore,Emilia,12460
2018-03-19,Germany,Dustice,12284
2018-03-20,Poland,Rafis,14220
2018-03-20,Korea,nathan on osu,14082
2018-03-20,United States,Vaxei,13802
2018-03-20,Chile,Mathi,13738
2018-03-20,France,Sub2PewDiePie,13642
2018-03-20,Lithuania,azr8,13456
2018-03-20,Korea,firebat92,13434
2018-03-20,Canada,RyuK,12755
2018-03-20,Singapore,Emilia,12460
2018-03-20,United States,idke,12296
2018-03-21,Poland,Rafis,14220
2018-03-21,Korea,nathan on osu,14082
2018-03-21,United States,Vaxei,13802
2018-03-21,Chile,Mathi,13738
2018-03-21,France,Sub2PewDiePie,13662
2018-03-21,Lithuania,azr8,13456
2018-03-21,Korea,firebat92,13434
2018-03-21,Canada,RyuK,12755
2018-03-21,Singapore,Emilia,12617
2018-03-21,United States,idke,12296
2018-03-22,Poland,Rafis,14220
2018-03-22,Korea,nathan on osu,14082
2018-03-22,United States,Vaxei,13802
2018-03-22,France,Sub2PewDiePie,13756
2018-03-22,Chile,Mathi,13738
2018-03-22,Lithuania,azr8,13456
2018-03-22,Korea,firebat92,13434
2018-03-22,Canada,RyuK,12756
2018-03-22,Singapore,Emilia,12617
2018-03-22,United States,idke,12296
2018-03-23,Poland,Rafis,14220
2018-03-23,Korea,nathan on osu,14082
2018-03-23,Chile,Mathi,13894
2018-03-23,United States,Vaxei,13802
2018-03-23,France,Sub2PewDiePie,13756
2018-03-23,Lithuania,azr8,13456
2018-03-23,Korea,firebat92,13434
2018-03-23,Canada,RyuK,12756
2018-03-23,Singapore,Emilia,12617
2018-03-23,United States,idke,12296
2018-03-24,Poland,Rafis,14220
2018-03-24,Korea,nathan on osu,14082
2018-03-24,Chile,Mathi,13895
2018-03-24,United States,Vaxei,13802
2018-03-24,France,Sub2PewDiePie,13756
2018-03-24,Lithuania,azr8,13456
2018-03-24,Korea,firebat92,13434
2018-03-24,Canada,RyuK,12778
2018-03-24,Singapore,Emilia,12617
2018-03-24,United States,idke,12296
2018-03-25,Poland,Rafis,14220
2018-03-25,Korea,nathan on osu,14082
2018-03-25,Chile,Mathi,13895
2018-03-25,United States,Vaxei,13806
2018-03-25,France,Sub2PewDiePie,13756
2018-03-25,Lithuania,azr8,13456
2018-03-25,Korea,firebat92,13434
2018-03-25,Canada,RyuK,12779
2018-03-25,Singapore,Emilia,12617
2018-03-25,United States,idke,12296
2018-03-26,Poland,Rafis,14220
2018-03-26,Korea,nathan on osu,14082
2018-03-26,Chile,Mathi,13927
2018-03-26,United States,Vaxei,13806
2018-03-26,France,Sub2PewDiePie,13756
2018-03-26,Lithuania,azr8,13456
2018-03-26,Korea,firebat92,13434
2018-03-26,Canada,RyuK,12779
2018-03-26,Singapore,Emilia,12617
2018-03-26,United States,idke,12296
2018-03-27,Poland,Rafis,14220
2018-03-27,Korea,nathan on osu,14082
2018-03-27,Chile,Mathi,13927
2018-03-27,United States,Vaxei,13837
2018-03-27,France,Sub2PewDiePie,13756
2018-03-27,Lithuania,azr8,13456
2018-03-27,Korea,firebat92,13434
2018-03-27,Canada,RyuK,12779
2018-03-27,Singapore,Emilia,12617
2018-03-27,Germany,Dustice,12317
2018-03-28,Poland,Rafis,14220
2018-03-28,Korea,nathan on osu,14082
2018-03-28,Chile,Mathi,14042
2018-03-28,United States,Vaxei,13837
2018-03-28,France,Sub2PewDiePie,13756
2018-03-28,Lithuania,azr8,13457
2018-03-28,Korea,firebat92,13434
2018-03-28,Canada,RyuK,12779
2018-03-28,Singapore,Emilia,12617
2018-03-28,Germany,Dustice,12317
2018-03-29,Poland,Rafis,14220
2018-03-29,Korea,nathan on osu,14082
2018-03-29,Chile,Mathi,14043
2018-03-29,United States,Vaxei,13858
2018-03-29,France,Sub2PewDiePie,13756
2018-03-29,Lithuania,azr8,13457
2018-03-29,Korea,firebat92,13434
2018-03-29,Canada,RyuK,12779
2018-03-29,Singapore,Emilia,12618
2018-03-29,Germany,Dustice,12317
2018-03-30,Poland,Rafis,14220
2018-03-30,Korea,nathan on osu,14082
2018-03-30,Chile,Mathi,14055
2018-03-30,United States,Vaxei,13858
2018-03-30,France,Sub2PewDiePie,13756
2018-03-30,Lithuania,azr8,13457
2018-03-30,Korea,firebat92,13434
2018-03-30,Canada,RyuK,12780
2018-03-30,Singapore,Emilia,12626
2018-03-30,United States,idke,12343
2018-03-31,Poland,Rafis,14220
2018-03-31,Korea,nathan on osu,14082
2018-03-31,Chile,Mathi,14064
2018-03-31,United States,Vaxei,13858
2018-03-31,France,Sub2PewDiePie,13759
2018-03-31,Lithuania,azr8,13457
2018-03-31,Korea,firebat92,13434
2018-03-31,Canada,RyuK,12780
2018-03-31,Singapore,Emilia,12626
2018-03-31,Germany,Dustice,12402
2018-04-01,Poland,Rafis,14220
2018-04-01,Korea,nathan on osu,14082
2018-04-01,Chile,Mathi,14064
2018-04-01,United States,Vaxei,13859
2018-04-01,France,Sub2PewDiePie,13759
2018-04-01,Lithuania,azr8,13457
2018-04-01,Korea,firebat92,13434
2018-04-01,Canada,RyuK,12780
2018-04-01,Singapore,Emilia,12626
2018-04-01,Germany,Dustice,12402
2018-04-02,Poland,Rafis,14220
2018-04-02,Korea,nathan on osu,14082
2018-04-02,Chile,Mathi,14065
2018-04-02,United States,Vaxei,13860
2018-04-02,France,Sub2PewDiePie,13759
2018-04-02,Lithuania,azr8,13457
2018-04-02,Korea,firebat92,13434
2018-04-02,Canada,RyuK,12780
2018-04-02,Singapore,Emilia,12626
2018-04-02,Germany,Dustice,12402
2018-04-03,Poland,Rafis,14220
2018-04-03,Korea,nathan on osu,14082
2018-04-03,Chile,Mathi,14065
2018-04-03,United States,Vaxei,13861
2018-04-03,France,Sub2PewDiePie,13759
2018-04-03,Lithuania,azr8,13457
2018-04-03,Korea,firebat92,13434
2018-04-03,Canada,RyuK,12780
2018-04-03,Singapore,Emilia,12629
2018-04-03,Germany,Dustice,12402
2018-04-04,Poland,Rafis,14220
2018-04-04,Korea,nathan on osu,14082
2018-04-04,Chile,Mathi,14066
2018-04-04,United States,Vaxei,13861
2018-04-04,France,Sub2PewDiePie,13759
2018-04-04,Lithuania,azr8,13458
2018-04-04,Korea,firebat92,13434
2018-04-04,Canada,RyuK,12783
2018-04-04,Singapore,Emilia,12629
2018-04-04,Germany,Dustice,12402
2018-04-05,Poland,Rafis,14220
2018-04-05,Korea,nathan on osu,14082
2018-04-05,Chile,Mathi,14066
2018-04-05,United States,Vaxei,13861
2018-04-05,France,Sub2PewDiePie,13760
2018-04-05,Lithuania,azr8,13458
2018-04-05,Korea,firebat92,13434
2018-04-05,Canada,RyuK,12802
2018-04-05,Singapore,Emilia,12634
2018-04-05,Germany,Dustice,12402
2018-04-06,Poland,Rafis,14220
2018-04-06,Korea,nathan on osu,14082
2018-04-06,Chile,Mathi,14066
2018-04-06,United States,Vaxei,13861
2018-04-06,France,Sub2PewDiePie,13760
2018-04-06,Lithuania,azr8,13462
2018-04-06,Korea,firebat92,13446
2018-04-06,Canada,RyuK,12803
2018-04-06,Singapore,Emilia,12638
2018-04-06,Germany,Dustice,12402
2018-04-07,Poland,Rafis,14220
2018-04-07,Korea,nathan on osu,14082
2018-04-07,Chile,Mathi,14066
2018-04-07,United States,Vaxei,13861
2018-04-07,France,Sub2PewDiePie,13760
2018-04-07,Lithuania,azr8,13463
2018-04-07,Korea,firebat92,13446
2018-04-07,Canada,RyuK,12803
2018-04-07,Singapore,Emilia,12638
2018-04-07,Germany,Dustice,12402
2018-04-08,Poland,Rafis,14220
2018-04-08,Korea,nathan on osu,14082
2018-04-08,Chile,Mathi,14066
2018-04-08,United States,Vaxei,13861
2018-04-08,France,Sub2PewDiePie,13760
2018-04-08,Lithuania,azr8,13463
2018-04-08,Korea,firebat92,13446
2018-04-08,Canada,RyuK,12803
2018-04-08,Singapore,Emilia,12638
2018-04-08,Germany,Dustice,12402
2018-04-09,Poland,Rafis,14220
2018-04-09,Korea,nathan on osu,14082
2018-04-09,Chile,Mathi,14066
2018-04-09,United States,Vaxei,13861
2018-04-09,France,Sub2PewDiePie,13760
2018-04-09,Lithuania,azr8,13496
2018-04-09,Korea,firebat92,13446
2018-04-09,Canada,RyuK,12803
2018-04-09,Singapore,Emilia,12638
2018-04-09,Germany,Dustice,12402
2018-04-10,Poland,Rafis,14220
2018-04-10,Chile,Mathi,14098
2018-04-10,Korea,nathan on osu,14082
2018-04-10,United States,Vaxei,13861
2018-04-10,France,Sub2PewDiePie,13762
2018-04-10,Lithuania,azr8,13496
2018-04-10,Korea,firebat92,13446
2018-04-10,Canada,RyuK,12809
2018-04-10,Singapore,Emilia,12638
2018-04-10,Germany,Dustice,12402
2018-04-11,Poland,Rafis,14220
2018-04-11,Chile,Mathi,14098
2018-04-11,Korea,nathan on osu,14082
2018-04-11,United States,Vaxei,13861
2018-04-11,France,Sub2PewDiePie,13786
2018-04-11,Lithuania,azr8,13496
2018-04-11,Korea,firebat92,13446
2018-04-11,Canada,RyuK,12810
2018-04-11,Singapore,Emilia,12638
2018-04-11,Germany,Dustice,12402
2018-04-12,Poland,Rafis,14220
2018-04-12,Chile,Mathi,14098
2018-04-12,Korea,nathan on osu,14082
2018-04-12,United States,Vaxei,13861
2018-04-12,France,Sub2PewDiePie,13786
2018-04-12,Lithuania,azr8,13496
2018-04-12,Korea,firebat92,13446
2018-04-12,Canada,RyuK,12838
2018-04-12,Singapore,Emilia,12638
2018-04-12,Germany,Dustice,12402
2018-04-13,Poland,Rafis,14220
2018-04-13,Chile,Mathi,14098
2018-04-13,Korea,nathan on osu,14082
2018-04-13,United States,Vaxei,13861
2018-04-13,France,Sub2PewDiePie,13786
2018-04-13,Lithuania,azr8,13498
2018-04-13,Korea,firebat92,13446
2018-04-13,Canada,RyuK,12839
2018-04-13,Singapore,Emilia,12638
2018-04-13,United States,idke,12443
2018-04-14,Poland,Rafis,14220
2018-04-14,Chile,Mathi,14098
2018-04-14,Korea,nathan on osu,14082
2018-04-14,United States,Vaxei,13861
2018-04-14,France,Sub2PewDiePie,13786
2018-04-14,Lithuania,azr8,13498
2018-04-14,Korea,firebat92,13446
2018-04-14,Canada,RyuK,12839
2018-04-14,Singapore,Emilia,12638
2018-04-14,United States,idke,12444
2018-04-15,Poland,Rafis,14220
2018-04-15,Chile,Mathi,14098
2018-04-15,Korea,nathan on osu,14082
2018-04-15,United States,Vaxei,13861
2018-04-15,France,Sub2PewDiePie,13786
2018-04-15,Lithuania,azr8,13499
2018-04-15,Korea,firebat92,13446
2018-04-15,Canada,RyuK,12840
2018-04-15,Singapore,Emilia,12638
2018-04-15,United States,idke,12471
2018-04-16,Poland,Rafis,14220
2018-04-16,Chile,Mathi,14216
2018-04-16,Korea,nathan on osu,14082
2018-04-16,United States,Vaxei,13861
2018-04-16,France,Sub2PewDiePie,13786
2018-04-16,Lithuania,azr8,13501
2018-04-16,Korea,firebat92,13446
2018-04-16,Canada,RyuK,12846
2018-04-16,Singapore,Emilia,12638
2018-04-16,United States,idke,12515
2018-04-17,Chile,Mathi,14251
2018-04-17,Poland,Rafis,14248
2018-04-17,Korea,nathan on osu,14082
2018-04-17,United States,Vaxei,13861
2018-04-17,France,Sub2PewDiePie,13786
2018-04-17,Korea,firebat92,13585
2018-04-17,Lithuania,azr8,13502
2018-04-17,Canada,RyuK,12846
2018-04-17,Singapore,Emilia,12638
2018-04-17,United States,idke,12515
2018-04-18,Chile,Mathi,14251
2018-04-18,Poland,Rafis,14249
2018-04-18,Korea,nathan on osu,14082
2018-04-18,United States,Vaxei,13861
2018-04-18,France,Sub2PewDiePie,13786
2018-04-18,Korea,firebat92,13585
2018-04-18,Lithuania,azr8,13502
2018-04-18,Canada,RyuK,12846
2018-04-18,Singapore,Emilia,12638
2018-04-18,United States,idke,12515
2018-04-19,Chile,Mathi,14251
2018-04-19,Poland,Rafis,14249
2018-04-19,Korea,nathan on osu,14082
2018-04-19,United States,Vaxei,13861
2018-04-19,France,Sub2PewDiePie,13786
2018-04-19,Korea,firebat92,13585
2018-04-19,Lithuania,azr8,13502
2018-04-19,Canada,RyuK,12847
2018-04-19,Singapore,Emilia,12638
2018-04-19,United States,idke,12517
2018-04-20,Chile,Mathi,14251
2018-04-20,Poland,Rafis,14249
2018-04-20,Korea,nathan on osu,14082
2018-04-20,United States,Vaxei,13869
2018-04-20,France,Sub2PewDiePie,13786
2018-04-20,Korea,firebat92,13585
2018-04-20,Lithuania,azr8,13503
2018-04-20,Canada,RyuK,12848
2018-04-20,Singapore,Emilia,12638
2018-04-20,United States,idke,12518
2018-04-21,Chile,Mathi,14251
2018-04-21,Poland,Rafis,14249
2018-04-21,Korea,nathan on osu,14082
2018-04-21,United States,Vaxei,13869
2018-04-21,France,Sub2PewDiePie,13786
2018-04-21,Korea,firebat92,13585
2018-04-21,Lithuania,azr8,13504
2018-04-21,Canada,RyuK,12848
2018-04-21,Singapore,Emilia,12638
2018-04-21,United States,idke,12525
2018-04-22,Chile,Mathi,14251
2018-04-22,Poland,Rafis,14249
2018-04-22,Korea,nathan on osu,14082
2018-04-22,United States,Vaxei,13869
2018-04-22,France,Sub2PewDiePie,13787
2018-04-22,Korea,firebat92,13585
2018-04-22,Lithuania,azr8,13504
2018-04-22,Canada,RyuK,12848
2018-04-22,Singapore,Emilia,12638
2018-04-22,United States,idke,12540
2018-04-23,Poland,Rafis,14258
2018-04-23,Chile,Mathi,14251
2018-04-23,Korea,nathan on osu,14083
2018-04-23,United States,Vaxei,13870
2018-04-23,France,Sub2PewDiePie,13788
2018-04-23,Korea,firebat92,13585
2018-04-23,Lithuania,azr8,13504
2018-04-23,Canada,RyuK,12858
2018-04-23,Singapore,Emilia,12638
2018-04-23,United States,idke,12557
2018-04-24,Poland,Rafis,14258
2018-04-24,Chile,Mathi,14251
2018-04-24,Korea,nathan on osu,14083
2018-04-24,United States,Vaxei,13870
2018-04-24,France,Sub2PewDiePie,13788
2018-04-24,Korea,firebat92,13585
2018-04-24,Lithuania,azr8,13504
2018-04-24,Canada,RyuK,12858
2018-04-24,Singapore,Emilia,12638
2018-04-24,United States,idke,12557
2018-04-25,Poland,Rafis,14258
2018-04-25,Chile,Mathi,14251
2018-04-25,Korea,nathan on osu,14083
2018-04-25,United States,Vaxei,13870
2018-04-25,France,Sub2PewDiePie,13788
2018-04-25,Korea,firebat92,13585
2018-04-25,Lithuania,azr8,13504
2018-04-25,Canada,RyuK,12858
2018-04-25,Singapore,Emilia,12638
2018-04-25,United States,idke,12557
2018-04-26,Chile,Mathi,14290
2018-04-26,Poland,Rafis,14259
2018-04-26,Korea,nathan on osu,14083
2018-04-26,United States,Vaxei,13870
2018-04-26,France,Sub2PewDiePie,13791
2018-04-26,Korea,firebat92,13585
2018-04-26,Lithuania,azr8,13504
2018-04-26,Canada,RyuK,12858
2018-04-26,Singapore,Emilia,12638
2018-04-26,United States,idke,12557
2018-04-27,Chile,Mathi,14290
2018-04-27,Poland,Rafis,14259
2018-04-27,Korea,nathan on osu,14083
2018-04-27,United States,Vaxei,13870
2018-04-27,France,Sub2PewDiePie,13791
2018-04-27,Korea,firebat92,13585
2018-04-27,Lithuania,azr8,13554
2018-04-27,Canada,RyuK,12885
2018-04-27,Singapore,Emilia,12638
2018-04-27,United States,idke,12557
2018-04-28,Chile,Mathi,14290
2018-04-28,Poland,Rafis,14259
2018-04-28,Korea,nathan on osu,14083
2018-04-28,United States,Vaxei,13870
2018-04-28,France,Sub2PewDiePie,13791
2018-04-28,Korea,firebat92,13585
2018-04-28,Lithuania,azr8,13553
2018-04-28,Canada,RyuK,12913
2018-04-28,Singapore,Emilia,12638
2018-04-28,United States,idke,12579
2018-04-29,Chile,Mathi,14290
2018-04-29,Poland,Rafis,14259
2018-04-29,Korea,nathan on osu,14083
2018-04-29,United States,Vaxei,13871
2018-04-29,France,Sub2PewDiePie,13792
2018-04-29,Korea,firebat92,13585
2018-04-29,Lithuania,azr8,13553
2018-04-29,Canada,RyuK,12914
2018-04-29,Singapore,Emilia,12639
2018-04-29,United States,idke,12579
2018-04-30,Chile,Mathi,14290
2018-04-30,Poland,Rafis,14259
2018-04-30,Korea,nathan on osu,14083
2018-04-30,United States,Vaxei,13871
2018-04-30,France,Sub2PewDiePie,13808
2018-04-30,Korea,firebat92,13585
2018-04-30,Lithuania,azr8,13553
2018-04-30,Canada,RyuK,12921
2018-04-30,Singapore,Emilia,12639
2018-04-30,United States,idke,12590
2018-05-01,Chile,Mathi,14290
2018-05-01,Poland,Rafis,14259
2018-05-01,Korea,nathan on osu,14083
2018-05-01,United States,Vaxei,13871
2018-05-01,France,Sub2PewDiePie,13808
2018-05-01,Korea,firebat92,13585
2018-05-01,Lithuania,azr8,13553
2018-05-01,Canada,RyuK,12923
2018-05-01,Singapore,Emilia,12639
2018-05-01,United States,idke,12605
2018-05-02,Chile,Mathi,14290
2018-05-02,Poland,Rafis,14259
2018-05-02,Korea,nathan on osu,14083
2018-05-02,United States,Vaxei,13872
2018-05-02,France,Sub2PewDiePie,13808
2018-05-02,Korea,firebat92,13585
2018-05-02,Lithuania,azr8,13554
2018-05-02,Canada,RyuK,12924
2018-05-02,Singapore,Emilia,12639
2018-05-02,United States,idke,12629
2018-05-03,Chile,Mathi,14290
2018-05-03,Poland,Rafis,14259
2018-05-03,Korea,nathan on osu,14083
2018-05-03,France,Sub2PewDiePie,13930
2018-05-03,United States,Vaxei,13872
2018-05-03,Korea,firebat92,13585
2018-05-03,Lithuania,azr8,13554
2018-05-03,Canada,RyuK,12924
2018-05-03,United States,idke,12640
2018-05-03,Singapore,Emilia,12639
2018-05-04,Chile,Mathi,14290
2018-05-04,Poland,Rafis,14259
2018-05-04,Korea,nathan on osu,14083
2018-05-04,France,Sub2PewDiePie,14025
2018-05-04,United States,Vaxei,13872
2018-05-04,Korea,firebat92,13585
2018-05-04,Lithuania,azr8,13554
2018-05-04,Canada,RyuK,12924
2018-05-04,United States,idke,12668
2018-05-04,Singapore,Emilia,12639
2018-05-05,Chile,Mathi,14290
2018-05-05,Poland,Rafis,14259
2018-05-05,Korea,nathan on osu,14083
2018-05-05,France,Sub2PewDiePie,14025
2018-05-05,United States,Vaxei,13872
2018-05-05,Korea,firebat92,13585
2018-05-05,Lithuania,azr8,13554
2018-05-05,Canada,RyuK,12941
2018-05-05,United States,idke,12668
2018-05-05,Singapore,Emilia,12639
2018-05-06,Chile,Mathi,14290
2018-05-06,Poland,Rafis,14259
2018-05-06,Korea,nathan on osu,14083
2018-05-06,France,Sub2PewDiePie,14025
2018-05-06,United States,Vaxei,13873
2018-05-06,Korea,firebat92,13585
2018-05-06,Lithuania,azr8,13555
2018-05-06,Canada,RyuK,12978
2018-05-06,United States,idke,12668
2018-05-06,Singapore,Emilia,12639
2018-05-07,Chile,Mathi,14291
2018-05-07,Poland,Rafis,14259
2018-05-07,Korea,nathan on osu,14083
2018-05-07,France,Sub2PewDiePie,14025
2018-05-07,United States,Vaxei,13873
2018-05-07,Korea,firebat92,13585
2018-05-07,Lithuania,azr8,13557
2018-05-07,Canada,RyuK,12985
2018-05-07,United States,idke,12669
2018-05-07,Singapore,Emilia,12639
2018-05-08,Chile,Mathi,14294
2018-05-08,Poland,Rafis,14259
2018-05-08,Korea,nathan on osu,14083
2018-05-08,France,Sub2PewDiePie,14025
2018-05-08,United States,Vaxei,13873
2018-05-08,Korea,firebat92,13585
2018-05-08,Lithuania,azr8,13557
2018-05-08,Canada,RyuK,12986
2018-05-08,United States,idke,12670
2018-05-08,Singapore,Emilia,12639
2018-05-09,Chile,Mathi,14295
2018-05-09,Poland,Rafis,14259
2018-05-09,Korea,nathan on osu,14083
2018-05-09,France,Sub2PewDiePie,14025
2018-05-09,United States,Vaxei,13873
2018-05-09,Korea,firebat92,13585
2018-05-09,Lithuania,azr8,13557
2018-05-09,Canada,RyuK,12986
2018-05-09,United States,idke,12670
2018-05-09,Singapore,Emilia,12639
2018-05-10,Chile,Mathi,14295
2018-05-10,Poland,Rafis,14260
2018-05-10,Korea,nathan on osu,14083
2018-05-10,France,Sub2PewDiePie,14025
2018-05-10,United States,Vaxei,13873
2018-05-10,Korea,firebat92,13585
2018-05-10,Lithuania,azr8,13557
2018-05-10,Canada,RyuK,12986
2018-05-10,United States,idke,12670
2018-05-10,Singapore,Emilia,12639
2018-05-11,Chile,Mathi,14295
2018-05-11,Poland,Rafis,14262
2018-05-11,Korea,nathan on osu,14083
2018-05-11,France,Sub2PewDiePie,14025
2018-05-11,United States,Vaxei,13873
2018-05-11,Lithuania,azr8,13589
2018-05-11,Korea,firebat92,13585
2018-05-11,Canada,RyuK,12986
2018-05-11,United States,idke,12670
2018-05-11,Singapore,Emilia,12639
2018-05-12,Chile,Mathi,14295
2018-05-12,Poland,Rafis,14262
2018-05-12,Korea,nathan on osu,14083
2018-05-12,France,Sub2PewDiePie,14025
2018-05-12,United States,Vaxei,13873
2018-05-12,Lithuania,azr8,13589
2018-05-12,Korea,firebat92,13585
2018-05-12,Canada,RyuK,12987
2018-05-12,United States,idke,12670
2018-05-12,Singapore,Emilia,12639
2018-05-13,Chile,Mathi,14295
2018-05-13,Poland,Rafis,14262
2018-05-13,Korea,nathan on osu,14083
2018-05-13,France,Sub2PewDiePie,14025
2018-05-13,United States,Vaxei,13873
2018-05-13,Lithuania,azr8,13589
2018-05-13,Korea,firebat92,13585
2018-05-13,Canada,RyuK,12987
2018-05-13,United States,idke,12670
2018-05-13,Singapore,Emilia,12639
2018-05-14,Chile,Mathi,14295
2018-05-14,Poland,Rafis,14262
2018-05-14,Korea,nathan on osu,14083
2018-05-14,France,Sub2PewDiePie,14025
2018-05-14,United States,Vaxei,13874
2018-05-14,Lithuania,azr8,13589
2018-05-14,Korea,firebat92,13585
2018-05-14,Canada,RyuK,12992
2018-05-14,United States,idke,12670
2018-05-14,Korea,FlyingTuna,12657
2018-05-15,Korea,nathan on osu,13814
2018-05-15,Chile,Mathi,13685
2018-05-15,Poland,Rafis,13651
2018-05-15,France,Sub2PewDiePie,13476
2018-05-15,United States,Vaxei,13263
2018-05-15,Korea,firebat92,13031
2018-05-15,Canada,RyuK,12992
2018-05-15,Lithuania,azr8,12990
2018-05-15,United States,idke,12673
2018-05-15,Korea,FlyingTuna,12657
2018-05-16,Korea,nathan on osu,13814
2018-05-16,Chile,Mathi,13685
2018-05-16,Poland,Rafis,13651
2018-05-16,France,Sub2PewDiePie,13476
2018-05-16,United States,Vaxei,13263
2018-05-16,Korea,firebat92,13031
2018-05-16,Lithuania,azr8,12991
2018-05-16,United States,idke,12673
2018-05-16,Canada,RyuK,12398
2018-05-16,Estonia,Abyssal,12217
2018-05-17,Korea,nathan on osu,13814
2018-05-17,Chile,Mathi,13685
2018-05-17,Poland,Rafis,13652
2018-05-17,France,Sub2PewDiePie,13476
2018-05-17,United States,Vaxei,13263
2018-05-17,Korea,firebat92,13088
2018-05-17,Lithuania,azr8,12991
2018-05-17,United States,idke,12673
2018-05-17,Canada,RyuK,12399
2018-05-17,Estonia,Abyssal,12278
2018-05-18,Korea,nathan on osu,13814
2018-05-18,Chile,Mathi,13685
2018-05-18,Poland,Rafis,13652
2018-05-18,France,Sub2PewDiePie,13476
2018-05-18,United States,Vaxei,13263
2018-05-18,Korea,firebat92,13088
2018-05-18,Lithuania,azr8,12991
2018-05-18,United States,idke,12673
2018-05-18,Canada,RyuK,12422
2018-05-18,Estonia,Abyssal,12398
2018-05-19,Korea,nathan on osu,13814
2018-05-19,Chile,Mathi,13718
2018-05-19,Poland,Rafis,13683
2018-05-19,France,Sub2PewDiePie,13476
2018-05-19,United States,Vaxei,13263
2018-05-19,Korea,firebat92,13088
2018-05-19,Lithuania,azr8,12991
2018-05-19,United States,idke,12673
2018-05-19,Estonia,Abyssal,12429
2018-05-19,Canada,RyuK,12425
2018-05-20,Korea,nathan on osu,13814
2018-05-20,Poland,Rafis,13742
2018-05-20,Chile,Mathi,13718
2018-05-20,France,Sub2PewDiePie,13476
2018-05-20,United States,Vaxei,13269
2018-05-20,Korea,firebat92,13088
2018-05-20,Lithuania,azr8,12991
2018-05-20,United States,idke,12673
2018-05-20,Estonia,Abyssal,12429
2018-05-20,Canada,RyuK,12425
2018-05-21,Korea,nathan on osu,13814
2018-05-21,Chile,Mathi,13792
2018-05-21,Poland,Rafis,13742
2018-05-21,France,Sub2PewDiePie,13476
2018-05-21,United States,Vaxei,13301
2018-05-21,Korea,firebat92,13088
2018-05-21,Lithuania,azr8,12991
2018-05-21,United States,idke,12674
2018-05-21,Estonia,Abyssal,12429
2018-05-21,Canada,RyuK,12426
2018-05-22,Korea,nathan on osu,13814
2018-05-22,Chile,Mathi,13793
2018-05-22,Poland,Rafis,13742
2018-05-22,France,Sub2PewDiePie,13476
2018-05-22,United States,Vaxei,13345
2018-05-22,Korea,firebat92,13088
2018-05-22,Lithuania,azr8,12991
2018-05-22,United States,idke,12674
2018-05-22,Estonia,Abyssal,12471
2018-05-22,Canada,RyuK,12426
2018-05-23,Korea,nathan on osu,13814
2018-05-23,Chile,Mathi,13793
2018-05-23,Poland,Rafis,13742
2018-05-23,France,Sub2PewDiePie,13476
2018-05-23,United States,Vaxei,13345
2018-05-23,Korea,firebat92,13088
2018-05-23,Lithuania,azr8,12992
2018-05-23,United States,idke,12674
2018-05-23,Estonia,Abyssal,12472
2018-05-23,Canada,RyuK,12427
2018-05-24,Korea,nathan on osu,13814
2018-05-24,Chile,Mathi,13793
2018-05-24,Poland,Rafis,13742
2018-05-24,France,Sub2PewDiePie,13476
2018-05-24,Korea,firebat92,13429
2018-05-24,United States,Vaxei,13345
2018-05-24,Lithuania,azr8,12992
2018-05-24,United States,idke,12674
2018-05-24,Estonia,Abyssal,12472
2018-05-24,Canada,RyuK,12471
2018-05-25,Korea,nathan on osu,13814
2018-05-25,Chile,Mathi,13793
2018-05-25,Poland,Rafis,13742
2018-05-25,Korea,firebat92,13484
2018-05-25,France,Sub2PewDiePie,13476
2018-05-25,United States,Vaxei,13345
2018-05-25,Lithuania,azr8,13017
2018-05-25,United States,idke,12674
2018-05-25,Estonia,Abyssal,12472
2018-05-25,Canada,RyuK,12471
2018-05-26,Korea,nathan on osu,13814
2018-05-26,Chile,Mathi,13793
2018-05-26,Poland,Rafis,13743
2018-05-26,Korea,firebat92,13484
2018-05-26,France,Sub2PewDiePie,13476
2018-05-26,United States,Vaxei,13345
2018-05-26,Lithuania,azr8,13017
2018-05-26,United States,idke,12674
2018-05-26,Estonia,Abyssal,12472
2018-05-26,Canada,RyuK,12471
2018-05-27,Korea,nathan on osu,13814
2018-05-27,Chile,Mathi,13793
2018-05-27,Poland,Rafis,13743
2018-05-27,Korea,firebat92,13593
2018-05-27,France,Sub2PewDiePie,13476
2018-05-27,United States,Vaxei,13329
2018-05-27,Lithuania,azr8,13017
2018-05-27,United States,idke,12674
2018-05-27,Estonia,Abyssal,12472
2018-05-27,Canada,RyuK,12471
2018-05-28,Korea,nathan on osu,13814
2018-05-28,Chile,Mathi,13793
2018-05-28,Poland,Rafis,13744
2018-05-28,Korea,firebat92,13593
2018-05-28,France,Sub2PewDiePie,13478
2018-05-28,United States,Vaxei,13344
2018-05-28,Lithuania,azr8,13017
2018-05-28,United States,idke,12674
2018-05-28,Estonia,Abyssal,12487
2018-05-28,Canada,RyuK,12471
2018-05-29,Chile,Mathi,13822
2018-05-29,Korea,nathan on osu,13814
2018-05-29,Poland,Rafis,13744
2018-05-29,Korea,firebat92,13625
2018-05-29,France,Sub2PewDiePie,13478
2018-05-29,United States,Vaxei,13344
2018-05-29,Lithuania,azr8,13017
2018-05-29,United States,idke,12674
2018-05-29,Estonia,Abyssal,12585
2018-05-29,Canada,RyuK,12471
2018-05-30,Chile,Mathi,13822
2018-05-30,Korea,nathan on osu,13814
2018-05-30,Poland,Rafis,13744
2018-05-30,Korea,firebat92,13625
2018-05-30,France,Sub2PewDiePie,13478
2018-05-30,United States,Vaxei,13344
2018-05-30,Lithuania,azr8,13017
2018-05-30,United States,idke,12674
2018-05-30,Estonia,Abyssal,12585
2018-05-30,Canada,RyuK,12472
2018-05-31,Chile,Mathi,13825
2018-05-31,Korea,nathan on osu,13814
2018-05-31,Poland,Rafis,13744
2018-05-31,Korea,firebat92,13625
2018-05-31,France,Sub2PewDiePie,13478
2018-05-31,United States,Vaxei,13344
2018-05-31,Lithuania,azr8,13017
2018-05-31,Estonia,Abyssal,12707
2018-05-31,United States,idke,12674
2018-05-31,Canada,RyuK,12498
2018-06-01,Chile,Mathi,13825
2018-06-01,Korea,nathan on osu,13814
2018-06-01,Poland,Rafis,13744
2018-06-01,Korea,firebat92,13625
2018-06-01,France,Sub2PewDiePie,13482
2018-06-01,United States,Vaxei,13344
2018-06-01,Lithuania,azr8,13017
2018-06-01,Estonia,Abyssal,12707
2018-06-01,United States,idke,12674
2018-06-01,Canada,RyuK,12498
2018-06-02,Chile,Mathi,13853
2018-06-02,Korea,nathan on osu,13814
2018-06-02,Poland,Rafis,13744
2018-06-02,Korea,firebat92,13625
2018-06-02,France,Sub2PewDiePie,13482
2018-06-02,United States,Vaxei,13344
2018-06-02,Lithuania,azr8,13017
2018-06-02,Estonia,Abyssal,12733
2018-06-02,United States,idke,12674
2018-06-02,Great Britain,OPSwimmyJimmy,12546
2018-06-03,Chile,Mathi,13853
2018-06-03,Korea,nathan on osu,13814
2018-06-03,Poland,Rafis,13744
2018-06-03,Korea,firebat92,13625
2018-06-03,France,Sub2PewDiePie,13482
2018-06-03,United States,Vaxei,13344
2018-06-03,Lithuania,azr8,13017
2018-06-03,Estonia,Abyssal,12733
2018-06-03,United States,idke,12674
2018-06-03,Great Britain,OPSwimmyJimmy,12546
2018-06-04,Chile,Mathi,13853
2018-06-04,Korea,nathan on osu,13814
2018-06-04,Poland,Rafis,13745
2018-06-04,Korea,firebat92,13625
2018-06-04,France,Sub2PewDiePie,13482
2018-06-04,United States,Vaxei,13344
2018-06-04,Lithuania,azr8,13017
2018-06-04,Estonia,Abyssal,12733
2018-06-04,United States,idke,12674
2018-06-04,Great Britain,OPSwimmyJimmy,12546
2018-06-05,Chile,Mathi,13853
2018-06-05,Korea,nathan on osu,13814
2018-06-05,Poland,Rafis,13745
2018-06-05,Korea,firebat92,13625
2018-06-05,France,Sub2PewDiePie,13482
2018-06-05,United States,Vaxei,13344
2018-06-05,Lithuania,azr8,13017
2018-06-05,Estonia,Abyssal,12733
2018-06-05,United States,idke,12674
2018-06-05,Great Britain,OPSwimmyJimmy,12546
2018-06-06,Chile,Mathi,13853
2018-06-06,Korea,nathan on osu,13814
2018-06-06,Poland,Rafis,13745
2018-06-06,Korea,firebat92,13625
2018-06-06,France,Sub2PewDiePie,13482
2018-06-06,United States,Vaxei,13330
2018-06-06,Lithuania,azr8,13017
2018-06-06,Estonia,Abyssal,12733
2018-06-06,United States,idke,12674
2018-06-06,Great Britain,OPSwimmyJimmy,12546
2018-06-07,Chile,Mathi,13853
2018-06-07,Korea,nathan on osu,13814
2018-06-07,Poland,Rafis,13745
2018-06-07,Korea,firebat92,13625
2018-06-07,France,Sub2PewDiePie,13482
2018-06-07,United States,Vaxei,13330
2018-06-07,Lithuania,azr8,13017
2018-06-07,Estonia,Abyssal,12734
2018-06-07,United States,idke,12674
2018-06-07,Great Britain,OPSwimmyJimmy,12546
2018-06-08,Chile,Mathi,13856
2018-06-08,Korea,nathan on osu,13814
2018-06-08,Poland,Rafis,13745
2018-06-08,Korea,firebat92,13625
2018-06-08,France,Sub2PewDiePie,13482
2018-06-08,United States,Vaxei,13330
2018-06-08,Lithuania,azr8,13017
2018-06-08,Estonia,Abyssal,12734
2018-06-08,United States,idke,12674
2018-06-08,Great Britain,OPSwimmyJimmy,12546
2018-06-09,Chile,Mathi,13872
2018-06-09,Korea,nathan on osu,13814
2018-06-09,Poland,Rafis,13745
2018-06-09,Korea,firebat92,13625
2018-06-09,France,Sub2PewDiePie,13482
2018-06-09,United States,Vaxei,13330
2018-06-09,Lithuania,azr8,13017
2018-06-09,Estonia,Abyssal,12734
2018-06-09,United States,idke,12674
2018-06-09,Great Britain,OPSwimmyJimmy,12546
2018-06-10,Chile,Mathi,13872
2018-06-10,Korea,nathan on osu,13814
2018-06-10,Poland,Rafis,13745
2018-06-10,Korea,firebat92,13625
2018-06-10,France,Sub2PewDiePie,13482
2018-06-10,United States,Vaxei,13330
2018-06-10,Lithuania,azr8,13017
2018-06-10,Estonia,Abyssal,12734
2018-06-10,United States,idke,12674
2018-06-10,Great Britain,OPSwimmyJimmy,12546
2018-06-11,Chile,Mathi,13872
2018-06-11,Korea,nathan on osu,13814
2018-06-11,Poland,Rafis,13745
2018-06-11,Korea,firebat92,13625
2018-06-11,France,Sub2PewDiePie,13482
2018-06-11,United States,Vaxei,13330
2018-06-11,Lithuania,azr8,13017
2018-06-11,Estonia,Abyssal,12734
2018-06-11,United States,idke,12674
2018-06-11,Great Britain,OPSwimmyJimmy,12546
2018-06-12,Chile,Mathi,13872
2018-06-12,Korea,nathan on osu,13814
2018-06-12,Poland,Rafis,13745
2018-06-12,Korea,firebat92,13625
2018-06-12,France,Sub2PewDiePie,13490
2018-06-12,United States,Vaxei,13330
2018-06-12,Lithuania,azr8,13017
2018-06-12,Estonia,Abyssal,12735
2018-06-12,United States,idke,12674
2018-06-12,Great Britain,OPSwimmyJimmy,12546
2018-06-13,Chile,Mathi,13872
2018-06-13,Korea,nathan on osu,13814
2018-06-13,Poland,Rafis,13745
2018-06-13,Korea,firebat92,13625
2018-06-13,France,Sub2PewDiePie,13490
2018-06-13,United States,Vaxei,13330
2018-06-13,Lithuania,azr8,13017
2018-06-13,Estonia,Abyssal,12735
2018-06-13,United States,idke,12674
2018-06-13,Great Britain,OPSwimmyJimmy,12648
2018-06-14,Chile,Mathi,13872
2018-06-14,Korea,nathan on osu,13814
2018-06-14,Poland,Rafis,13745
2018-06-14,Korea,firebat92,13625
2018-06-14,France,Sub2PewDiePie,13490
2018-06-14,United States,Vaxei,13330
2018-06-14,Lithuania,azr8,13017
2018-06-14,Estonia,Abyssal,12735
2018-06-14,United States,idke,12674
2018-06-14,Great Britain,OPSwimmyJimmy,12651
2018-06-15,Chile,Mathi,13873
2018-06-15,Korea,nathan on osu,13814
2018-06-15,Poland,Rafis,13745
2018-06-15,Korea,firebat92,13625
2018-06-15,France,Sub2PewDiePie,13490
2018-06-15,United States,Vaxei,13330
2018-06-15,Lithuania,azr8,13017
2018-06-15,Estonia,Abyssal,12735
2018-06-15,United States,idke,12674
2018-06-15,Great Britain,OPSwimmyJimmy,12651
2018-06-16,Chile,Mathi,13878
2018-06-16,Korea,nathan on osu,13814
2018-06-16,Poland,Rafis,13745
2018-06-16,Korea,firebat92,13625
2018-06-16,France,Sub2PewDiePie,13490
2018-06-16,United States,Vaxei,13331
2018-06-16,Lithuania,azr8,13017
2018-06-16,Estonia,Abyssal,12736
2018-06-16,United States,idke,12674
2018-06-16,Great Britain,OPSwimmyJimmy,12651
2018-06-17,Chile,Mathi,13878
2018-06-17,Korea,nathan on osu,13814
2018-06-17,Poland,Rafis,13745
2018-06-17,Korea,firebat92,13625
2018-06-17,France,Sub2PewDiePie,13490
2018-06-17,United States,Vaxei,13331
2018-06-17,Lithuania,azr8,13017
2018-06-17,Estonia,Abyssal,12736
2018-06-17,Canada,RyuK,12719
2018-06-17,United States,idke,12674
2018-06-18,Chile,Mathi,13878
2018-06-18,Korea,nathan on osu,13814
2018-06-18,Poland,Rafis,13745
2018-06-18,Korea,firebat92,13625
2018-06-18,France,Sub2PewDiePie,13490
2018-06-18,United States,Vaxei,13331
2018-06-18,Lithuania,azr8,13017
2018-06-18,United States,idke,12787
2018-06-18,Estonia,Abyssal,12736
2018-06-18,Canada,RyuK,12722
2018-06-19,Chile,Mathi,13878
2018-06-19,Korea,nathan on osu,13814
2018-06-19,Poland,Rafis,13745
2018-06-19,Korea,firebat92,13625
2018-06-19,France,Sub2PewDiePie,13490
2018-06-19,United States,Vaxei,13331
2018-06-19,Lithuania,azr8,13017
2018-06-19,United States,idke,12793
2018-06-19,Estonia,Abyssal,12759
2018-06-19,Canada,RyuK,12724
2018-06-20,Chile,Mathi,13879
2018-06-20,Korea,nathan on osu,13814
2018-06-20,Poland,Rafis,13748
2018-06-20,Korea,firebat92,13625
2018-06-20,France,Sub2PewDiePie,13490
2018-06-20,United States,Vaxei,13331
2018-06-20,Lithuania,azr8,13017
2018-06-20,United States,idke,12793
2018-06-20,Estonia,Abyssal,12759
2018-06-20,Canada,RyuK,12736
2018-06-21,Chile,Mathi,13879
2018-06-21,Korea,nathan on osu,13814
2018-06-21,Poland,Rafis,13748
2018-06-21,Korea,firebat92,13625
2018-06-21,France,Sub2PewDiePie,13490
2018-06-21,United States,Vaxei,13331
2018-06-21,Lithuania,azr8,13017
2018-06-21,Great Britain,OPSwimmyJimmy,12810
2018-06-21,United States,idke,12796
2018-06-21,Estonia,Abyssal,12762
2018-06-22,Chile,Mathi,13879
2018-06-22,Korea,nathan on osu,13814
2018-06-22,Poland,Rafis,13748
2018-06-22,Korea,firebat92,13625
2018-06-22,France,Sub2PewDiePie,13490
2018-06-22,United States,Vaxei,13331
2018-06-22,Lithuania,azr8,13017
2018-06-22,Great Britain,OPSwimmyJimmy,12819
2018-06-22,United States,idke,12809
2018-06-22,Estonia,Abyssal,12762
2018-06-23,Chile,Mathi,13879
2018-06-23,Korea,nathan on osu,13814
2018-06-23,Poland,Rafis,13748
2018-06-23,Korea,firebat92,13625
2018-06-23,France,Sub2PewDiePie,13490
2018-06-23,United States,Vaxei,13331
2018-06-23,Lithuania,azr8,13017
2018-06-23,Great Britain,OPSwimmyJimmy,12819
2018-06-23,United States,idke,12809
2018-06-23,Estonia,Abyssal,12763
2018-06-24,Chile,Mathi,13879
2018-06-24,Korea,nathan on osu,13814
2018-06-24,Poland,Rafis,13748
2018-06-24,Korea,firebat92,13627
2018-06-24,France,Sub2PewDiePie,13490
2018-06-24,United States,Vaxei,13331
2018-06-24,Lithuania,azr8,13017
2018-06-24,Great Britain,OPSwimmyJimmy,12819
2018-06-24,United States,idke,12809
2018-06-24,Estonia,Abyssal,12763
2018-06-25,Chile,Mathi,13879
2018-06-25,Korea,nathan on osu,13814
2018-06-25,Poland,Rafis,13748
2018-06-25,Korea,firebat92,13627
2018-06-25,France,Sub2PewDiePie,13490
2018-06-25,United States,Vaxei,13331
2018-06-25,Lithuania,azr8,13017
2018-06-25,Great Britain,OPSwimmyJimmy,12819
2018-06-25,United States,idke,12810
2018-06-25,Estonia,Abyssal,12763
2018-06-26,Chile,Mathi,13879
2018-06-26,Korea,nathan on osu,13814
2018-06-26,Poland,Rafis,13748
2018-06-26,Korea,firebat92,13627
2018-06-26,France,Sub2PewDiePie,13490
2018-06-26,United States,Vaxei,13331
2018-06-26,Lithuania,azr8,13017
2018-06-26,Great Britain,OPSwimmyJimmy,12873
2018-06-26,United States,idke,12810
2018-06-26,Estonia,Abyssal,12763
2018-06-27,Chile,Mathi,13879
2018-06-27,Korea,nathan on osu,13814
2018-06-27,Poland,Rafis,13748
2018-06-27,Korea,firebat92,13627
2018-06-27,France,Sub2PewDiePie,13490
2018-06-27,United States,Vaxei,13331
2018-06-27,Lithuania,azr8,13017
2018-06-27,Great Britain,OPSwimmyJimmy,12873
2018-06-27,United States,idke,12810
2018-06-27,Estonia,Abyssal,12763
2018-06-28,Chile,Mathi,13879
2018-06-28,Korea,nathan on osu,13814
2018-06-28,Poland,Rafis,13748
2018-06-28,Korea,firebat92,13627
2018-06-28,France,Sub2PewDiePie,13490
2018-06-28,United States,Vaxei,13331
2018-06-28,Lithuania,azr8,13017
2018-06-28,Great Britain,OPSwimmyJimmy,12873
2018-06-28,United States,idke,12810
2018-06-28,Estonia,Abyssal,12764
2018-06-29,Chile,Mathi,13879
2018-06-29,Korea,nathan on osu,13814
2018-06-29,Poland,Rafis,13748
2018-06-29,Korea,firebat92,13627
2018-06-29,France,Sub2PewDiePie,13490
2018-06-29,United States,Vaxei,13331
2018-06-29,Lithuania,azr8,13017
2018-06-29,Great Britain,OPSwimmyJimmy,12873
2018-06-29,United States,idke,12821
2018-06-29,Estonia,Abyssal,12765